{
  "name": "backend",
  "version": "1.0.0",
  "lockfileVersion": 3,
  "requires": true,
  "packages": {
    "": {
      "name": "backend",
      "version": "1.0.0",
      "license": "ISC",
      "dependencies": {
        "aws-sdk": "^2.1692.0",
        "dotenv": "^17.2.3",
        "express": "^5.1.0",
        "jsonwebtoken": "^9.0.2",
        "mongoose": "^8.19.2",
        "multer": "^2.0.2"
      }
    },
    "node_modules/@mongodb-js/saslprep": {
      "version": "1.3.2",
      "resolved": "https://registry.npmjs.org/@mongodb-js/saslprep/-/saslprep-1.3.2.tgz",
      "integrity": "sha512-QgA5AySqB27cGTXBFmnpifAi7HxoGUeezwo6p9dI03MuDB6Pp33zgclqVb6oVK3j6I9Vesg0+oojW2XxB59SGg==",
      "license": "MIT",
      "dependencies": {
        "sparse-bitfield": "^3.0.3"
      }
    },
    "node_modules/@types/webidl-conversions": {
      "version": "7.0.3",
      "resolved": "https://registry.npmjs.org/@types/webidl-conversions/-/webidl-conversions-7.0.3.tgz",
      "integrity": "sha512-CiJJvcRtIgzadHCYXw7dqEnMNRjhGZlYK05Mj9OyktqV8uVT8fD2BFOB7S1uwBE3Kj2Z+4UyPmFw/Ixgw/LAlA==",
      "license": "MIT"
    },
    "node_modules/@types/whatwg-url": {
      "version": "11.0.5",
      "resolved": "https://registry.npmjs.org/@types/whatwg-url/-/whatwg-url-11.0.5.tgz",
      "integrity": "sha512-coYR071JRaHa+xoEvvYqvnIHaVqaYrLPbsufM9BF63HkwI5Lgmy2QR8Q5K/lYDYo5AK82wOvSOS0UsLTpTG7uQ==",
      "license": "MIT",
      "dependencies": {
        "@types/webidl-conversions": "*"
      }
    },
    "node_modules/accepts": {
      "version": "2.0.0",
      "resolved": "https://registry.npmjs.org/accepts/-/accepts-2.0.0.tgz",
      "integrity": "sha512-5cvg6CtKwfgdmVqY1WIiXKc3Q1bkRqGLi+2W/6ao+6Y7gu/RCwRuAhGEzh5B4KlszSuTLgZYuqFqo5bImjNKng==",
      "license": "MIT",
      "dependencies": {
        "mime-types": "^3.0.0",
        "negotiator": "^1.0.0"
      },
      "engines": {
        "node": ">= 0.6"
      }
    },
    "node_modules/append-field": {
      "version": "1.0.0",
      "resolved": "https://registry.npmjs.org/append-field/-/append-field-1.0.0.tgz",
      "integrity": "sha512-klpgFSWLW1ZEs8svjfb7g4qWY0YS5imI82dTg+QahUvJ8YqAY0P10Uk8tTyh9ZGuYEZEMaeJYCF5BFuX552hsw==",
      "license": "MIT"
    },
    "node_modules/available-typed-arrays": {
      "version": "1.0.7",
      "resolved": "https://registry.npmjs.org/available-typed-arrays/-/available-typed-arrays-1.0.7.tgz",
      "integrity": "sha512-wvUjBtSGN7+7SjNpq/9M2Tg350UZD3q62IFZLbRAR1bSMlCo1ZaeW+BJ+D090e4hIIZLBcTDWe4Mh4jvUDajzQ==",
      "license": "MIT",
      "dependencies": {
        "possible-typed-array-names": "^1.0.0"
      },
      "engines": {
        "node": ">= 0.4"
      },
      "funding": {
        "url": "https://github.com/sponsors/ljharb"
      }
    },
    "node_modules/aws-sdk": {
      "version": "2.1692.0",
      "resolved": "https://registry.npmjs.org/aws-sdk/-/aws-sdk-2.1692.0.tgz",
      "integrity": "sha512-x511uiJ/57FIsbgUe5csJ13k3uzu25uWQE+XqfBis/sB0SFoiElJWXRkgEAUh0U6n40eT3ay5Ue4oPkRMu1LYw==",
      "hasInstallScript": true,
      "license": "Apache-2.0",
      "dependencies": {
        "buffer": "4.9.2",
        "events": "1.1.1",
        "ieee754": "1.1.13",
        "jmespath": "0.16.0",
        "querystring": "0.2.0",
        "sax": "1.2.1",
        "url": "0.10.3",
        "util": "^0.12.4",
        "uuid": "8.0.0",
        "xml2js": "0.6.2"
      },
      "engines": {
        "node": ">= 10.0.0"
      }
    },
    "node_modules/base64-js": {
      "version": "1.5.1",
      "resolved": "https://registry.npmjs.org/base64-js/-/base64-js-1.5.1.tgz",
      "integrity": "sha512-AKpaYlHn8t4SVbOHCy+b5+KKgvR4vrsD8vbvrbiQJps7fKDTkjkDry6ji0rUJjC0kzbNePLwzxq8iypo41qeWA==",
      "funding": [
        {
          "type": "github",
          "url": "https://github.com/sponsors/feross"
        },
        {
          "type": "patreon",
          "url": "https://www.patreon.com/feross"
        },
        {
          "type": "consulting",
          "url": "https://feross.org/support"
        }
      ],
      "license": "MIT"
    },
    "node_modules/body-parser": {
      "version": "2.2.0",
      "resolved": "https://registry.npmjs.org/body-parser/-/body-parser-2.2.0.tgz",
      "integrity": "sha512-02qvAaxv8tp7fBa/mw1ga98OGm+eCbqzJOKoRt70sLmfEEi+jyBYVTDGfCL/k06/4EMk/z01gCe7HoCH/f2LTg==",
      "license": "MIT",
      "dependencies": {
        "bytes": "^3.1.2",
        "content-type": "^1.0.5",
        "debug": "^4.4.0",
        "http-errors": "^2.0.0",
        "iconv-lite": "^0.6.3",
        "on-finished": "^2.4.1",
        "qs": "^6.14.0",
        "raw-body": "^3.0.0",
        "type-is": "^2.0.0"
      },
      "engines": {
        "node": ">=18"
      }
    },
    "node_modules/bson": {
      "version": "6.10.4",
      "resolved": "https://registry.npmjs.org/bson/-/bson-6.10.4.tgz",
      "integrity": "sha512-WIsKqkSC0ABoBJuT1LEX+2HEvNmNKKgnTAyd0fL8qzK4SH2i9NXg+t08YtdZp/V9IZ33cxe3iV4yM0qg8lMQng==",
      "license": "Apache-2.0",
      "engines": {
        "node": ">=16.20.1"
      }
    },
    "node_modules/buffer": {
      "version": "4.9.2",
      "resolved": "https://registry.npmjs.org/buffer/-/buffer-4.9.2.tgz",
      "integrity": "sha512-xq+q3SRMOxGivLhBNaUdC64hDTQwejJ+H0T/NB1XMtTVEwNTrfFF3gAxiyW0Bu/xWEGhjVKgUcMhCrUy2+uCWg==",
      "license": "MIT",
      "dependencies": {
        "base64-js": "^1.0.2",
        "ieee754": "^1.1.4",
        "isarray": "^1.0.0"
      }
    },
    "node_modules/buffer-equal-constant-time": {
      "version": "1.0.1",
      "resolved": "https://registry.npmjs.org/buffer-equal-constant-time/-/buffer-equal-constant-time-1.0.1.tgz",
      "integrity": "sha512-zRpUiDwd/xk6ADqPMATG8vc9VPrkck7T07OIx0gnjmJAnHnTVXNQG3vfvWNuiZIkwu9KrKdA1iJKfsfTVxE6NA==",
      "license": "BSD-3-Clause"
    },
    "node_modules/buffer-from": {
      "version": "1.1.2",
      "resolved": "https://registry.npmjs.org/buffer-from/-/buffer-from-1.1.2.tgz",
      "integrity": "sha512-E+XQCRwSbaaiChtv6k6Dwgc+bx+Bs6vuKJHHl5kox/BaKbhiXzqQOwK4cO22yElGp2OCmjwVhT3HmxgyPGnJfQ==",
      "license": "MIT"
    },
    "node_modules/busboy": {
      "version": "1.6.0",
      "resolved": "https://registry.npmjs.org/busboy/-/busboy-1.6.0.tgz",
      "integrity": "sha512-8SFQbg/0hQ9xy3UNTB0YEnsNBbWfhf7RtnzpL7TkBiTBRfrQ9Fxcnz7VJsleJpyp6rVLvXiuORqjlHi5q+PYuA==",
      "dependencies": {
        "streamsearch": "^1.1.0"
      },
      "engines": {
        "node": ">=10.16.0"
      }
    },
    "node_modules/bytes": {
      "version": "3.1.2",
      "resolved": "https://registry.npmjs.org/bytes/-/bytes-3.1.2.tgz",
      "integrity": "sha512-/Nf7TyzTx6S3yRJObOAV7956r8cr2+Oj8AC5dt8wSP3BQAoeX58NoHyCU8P8zGkNXStjTSi6fzO6F0pBdcYbEg==",
      "license": "MIT",
      "engines": {
        "node": ">= 0.8"
      }
    },
    "node_modules/call-bind": {
      "version": "1.0.8",
      "resolved": "https://registry.npmjs.org/call-bind/-/call-bind-1.0.8.tgz",
      "integrity": "sha512-oKlSFMcMwpUg2ednkhQ454wfWiU/ul3CkJe/PEHcTKuiX6RpbehUiFMXu13HalGZxfUwCQzZG747YXBn1im9ww==",
      "license": "MIT",
      "dependencies": {
        "call-bind-apply-helpers": "^1.0.0",
        "es-define-property": "^1.0.0",
        "get-intrinsic": "^1.2.4",
        "set-function-length": "^1.2.2"
      },
      "engines": {
        "node": ">= 0.4"
      },
      "funding": {
        "url": "https://github.com/sponsors/ljharb"
      }
    },
    "node_modules/call-bind-apply-helpers": {
      "version": "1.0.2",
      "resolved": "https://registry.npmjs.org/call-bind-apply-helpers/-/call-bind-apply-helpers-1.0.2.tgz",
      "integrity": "sha512-Sp1ablJ0ivDkSzjcaJdxEunN5/XvksFJ2sMBFfq6x0ryhQV/2b/KwFe21cMpmHtPOSij8K99/wSfoEuTObmuMQ==",
      "license": "MIT",
      "dependencies": {
        "es-errors": "^1.3.0",
        "function-bind": "^1.1.2"
      },
      "engines": {
        "node": ">= 0.4"
      }
    },
    "node_modules/call-bound": {
      "version": "1.0.4",
      "resolved": "https://registry.npmjs.org/call-bound/-/call-bound-1.0.4.tgz",
      "integrity": "sha512-+ys997U96po4Kx/ABpBCqhA9EuxJaQWDQg7295H4hBphv3IZg0boBKuwYpt4YXp6MZ5AmZQnU/tyMTlRpaSejg==",
      "license": "MIT",
      "dependencies": {
        "call-bind-apply-helpers": "^1.0.2",
        "get-intrinsic": "^1.3.0"
      },
      "engines": {
        "node": ">= 0.4"
      },
      "funding": {
        "url": "https://github.com/sponsors/ljharb"
      }
    },
    "node_modules/concat-stream": {
      "version": "2.0.0",
      "resolved": "https://registry.npmjs.org/concat-stream/-/concat-stream-2.0.0.tgz",
      "integrity": "sha512-MWufYdFw53ccGjCA+Ol7XJYpAlW6/prSMzuPOTRnJGcGzuhLn4Scrz7qf6o8bROZ514ltazcIFJZevcfbo0x7A==",
      "engines": [
        "node >= 6.0"
      ],
      "license": "MIT",
      "dependencies": {
        "buffer-from": "^1.0.0",
        "inherits": "^2.0.3",
        "readable-stream": "^3.0.2",
        "typedarray": "^0.0.6"
      }
    },
    "node_modules/content-disposition": {
      "version": "1.0.0",
      "resolved": "https://registry.npmjs.org/content-disposition/-/content-disposition-1.0.0.tgz",
      "integrity": "sha512-Au9nRL8VNUut/XSzbQA38+M78dzP4D+eqg3gfJHMIHHYa3bg067xj1KxMUWj+VULbiZMowKngFFbKczUrNJ1mg==",
      "license": "MIT",
      "dependencies": {
        "safe-buffer": "5.2.1"
      },
      "engines": {
        "node": ">= 0.6"
      }
    },
    "node_modules/content-type": {
      "version": "1.0.5",
      "resolved": "https://registry.npmjs.org/content-type/-/content-type-1.0.5.tgz",
      "integrity": "sha512-nTjqfcBFEipKdXCv4YDQWCfmcLZKm81ldF0pAopTvyrFGVbcR6P/VAAd5G7N+0tTr8QqiU0tFadD6FK4NtJwOA==",
      "license": "MIT",
      "engines": {
        "node": ">= 0.6"
      }
    },
    "node_modules/cookie": {
      "version": "0.7.2",
      "resolved": "https://registry.npmjs.org/cookie/-/cookie-0.7.2.tgz",
      "integrity": "sha512-yki5XnKuf750l50uGTllt6kKILY4nQ1eNIQatoXEByZ5dWgnKqbnqmTrBE5B4N7lrMJKQ2ytWMiTO2o0v6Ew/w==",
      "license": "MIT",
      "engines": {
        "node": ">= 0.6"
      }
    },
    "node_modules/cookie-signature": {
      "version": "1.2.2",
      "resolved": "https://registry.npmjs.org/cookie-signature/-/cookie-signature-1.2.2.tgz",
      "integrity": "sha512-D76uU73ulSXrD1UXF4KE2TMxVVwhsnCgfAyTg9k8P6KGZjlXKrOLe4dJQKI3Bxi5wjesZoFXJWElNWBjPZMbhg==",
      "license": "MIT",
      "engines": {
        "node": ">=6.6.0"
      }
    },
    "node_modules/debug": {
      "version": "4.4.3",
      "resolved": "https://registry.npmjs.org/debug/-/debug-4.4.3.tgz",
      "integrity": "sha512-RGwwWnwQvkVfavKVt22FGLw+xYSdzARwm0ru6DhTVA3umU5hZc28V3kO4stgYryrTlLpuvgI9GiijltAjNbcqA==",
      "license": "MIT",
      "dependencies": {
        "ms": "^2.1.3"
      },
      "engines": {
        "node": ">=6.0"
      },
      "peerDependenciesMeta": {
        "supports-color": {
          "optional": true
        }
      }
    },
    "node_modules/define-data-property": {
      "version": "1.1.4",
      "resolved": "https://registry.npmjs.org/define-data-property/-/define-data-property-1.1.4.tgz",
      "integrity": "sha512-rBMvIzlpA8v6E+SJZoo++HAYqsLrkg7MSfIinMPFhmkorw7X+dOXVJQs+QT69zGkzMyfDnIMN2Wid1+NbL3T+A==",
      "license": "MIT",
      "dependencies": {
        "es-define-property": "^1.0.0",
        "es-errors": "^1.3.0",
        "gopd": "^1.0.1"
      },
      "engines": {
        "node": ">= 0.4"
      },
      "funding": {
        "url": "https://github.com/sponsors/ljharb"
      }
    },
    "node_modules/depd": {
      "version": "2.0.0",
      "resolved": "https://registry.npmjs.org/depd/-/depd-2.0.0.tgz",
      "integrity": "sha512-g7nH6P6dyDioJogAAGprGpCtVImJhpPk/roCzdb3fIh61/s/nPsfR6onyMwkCAR/OlC3yBC0lESvUoQEAssIrw==",
      "license": "MIT",
      "engines": {
        "node": ">= 0.8"
      }
    },
    "node_modules/dotenv": {
      "version": "17.2.3",
      "resolved": "https://registry.npmjs.org/dotenv/-/dotenv-17.2.3.tgz",
      "integrity": "sha512-JVUnt+DUIzu87TABbhPmNfVdBDt18BLOWjMUFJMSi/Qqg7NTYtabbvSNJGOJ7afbRuv9D/lngizHtP7QyLQ+9w==",
      "license": "BSD-2-Clause",
      "engines": {
        "node": ">=12"
      },
      "funding": {
        "url": "https://dotenvx.com"
      }
    },
    "node_modules/dunder-proto": {
      "version": "1.0.1",
      "resolved": "https://registry.npmjs.org/dunder-proto/-/dunder-proto-1.0.1.tgz",
      "integrity": "sha512-KIN/nDJBQRcXw0MLVhZE9iQHmG68qAVIBg9CqmUYjmQIhgij9U5MFvrqkUL5FbtyyzZuOeOt0zdeRe4UY7ct+A==",
      "license": "MIT",
      "dependencies": {
        "call-bind-apply-helpers": "^1.0.1",
        "es-errors": "^1.3.0",
        "gopd": "^1.2.0"
      },
      "engines": {
        "node": ">= 0.4"
      }
    },
    "node_modules/ecdsa-sig-formatter": {
      "version": "1.0.11",
      "resolved": "https://registry.npmjs.org/ecdsa-sig-formatter/-/ecdsa-sig-formatter-1.0.11.tgz",
      "integrity": "sha512-nagl3RYrbNv6kQkeJIpt6NJZy8twLB/2vtz6yN9Z4vRKHN4/QZJIEbqohALSgwKdnksuY3k5Addp5lg8sVoVcQ==",
      "license": "Apache-2.0",
      "dependencies": {
        "safe-buffer": "^5.0.1"
      }
    },
    "node_modules/ee-first": {
      "version": "1.1.1",
      "resolved": "https://registry.npmjs.org/ee-first/-/ee-first-1.1.1.tgz",
      "integrity": "sha512-WMwm9LhRUo+WUaRN+vRuETqG89IgZphVSNkdFgeb6sS/E4OrDIN7t48CAewSHXc6C8lefD8KKfr5vY61brQlow==",
      "license": "MIT"
    },
    "node_modules/encodeurl": {
      "version": "2.0.0",
      "resolved": "https://registry.npmjs.org/encodeurl/-/encodeurl-2.0.0.tgz",
      "integrity": "sha512-Q0n9HRi4m6JuGIV1eFlmvJB7ZEVxu93IrMyiMsGC0lrMJMWzRgx6WGquyfQgZVb31vhGgXnfmPNNXmxnOkRBrg==",
      "license": "MIT",
      "engines": {
        "node": ">= 0.8"
      }
    },
    "node_modules/es-define-property": {
      "version": "1.0.1",
      "resolved": "https://registry.npmjs.org/es-define-property/-/es-define-property-1.0.1.tgz",
      "integrity": "sha512-e3nRfgfUZ4rNGL232gUgX06QNyyez04KdjFrF+LTRoOXmrOgFKDg4BCdsjW8EnT69eqdYGmRpJwiPVYNrCaW3g==",
      "license": "MIT",
      "engines": {
        "node": ">= 0.4"
      }
    },
    "node_modules/es-errors": {
      "version": "1.3.0",
      "resolved": "https://registry.npmjs.org/es-errors/-/es-errors-1.3.0.tgz",
      "integrity": "sha512-Zf5H2Kxt2xjTvbJvP2ZWLEICxA6j+hAmMzIlypy4xcBg1vKVnx89Wy0GbS+kf5cwCVFFzdCFh2XSCFNULS6csw==",
      "license": "MIT",
      "engines": {
        "node": ">= 0.4"
      }
    },
    "node_modules/es-object-atoms": {
      "version": "1.1.1",
      "resolved": "https://registry.npmjs.org/es-object-atoms/-/es-object-atoms-1.1.1.tgz",
      "integrity": "sha512-FGgH2h8zKNim9ljj7dankFPcICIK9Cp5bm+c2gQSYePhpaG5+esrLODihIorn+Pe6FGJzWhXQotPv73jTaldXA==",
      "license": "MIT",
      "dependencies": {
        "es-errors": "^1.3.0"
      },
      "engines": {
        "node": ">= 0.4"
      }
    },
    "node_modules/escape-html": {
      "version": "1.0.3",
      "resolved": "https://registry.npmjs.org/escape-html/-/escape-html-1.0.3.tgz",
      "integrity": "sha512-NiSupZ4OeuGwr68lGIeym/ksIZMJodUGOSCZ/FSnTxcrekbvqrgdUxlJOMpijaKZVjAJrWrGs/6Jy8OMuyj9ow==",
      "license": "MIT"
    },
    "node_modules/etag": {
      "version": "1.8.1",
      "resolved": "https://registry.npmjs.org/etag/-/etag-1.8.1.tgz",
      "integrity": "sha512-aIL5Fx7mawVa300al2BnEE4iNvo1qETxLrPI/o05L7z6go7fCw1J6EQmbK4FmJ2AS7kgVF/KEZWufBfdClMcPg==",
      "license": "MIT",
      "engines": {
        "node": ">= 0.6"
      }
    },
    "node_modules/events": {
      "version": "1.1.1",
      "resolved": "https://registry.npmjs.org/events/-/events-1.1.1.tgz",
      "integrity": "sha512-kEcvvCBByWXGnZy6JUlgAp2gBIUjfCAV6P6TgT1/aaQKcmuAEC4OZTV1I4EWQLz2gxZw76atuVyvHhTxvi0Flw==",
      "license": "MIT",
      "engines": {
        "node": ">=0.4.x"
      }
    },
    "node_modules/express": {
      "version": "5.1.0",
      "resolved": "https://registry.npmjs.org/express/-/express-5.1.0.tgz",
      "integrity": "sha512-DT9ck5YIRU+8GYzzU5kT3eHGA5iL+1Zd0EutOmTE9Dtk+Tvuzd23VBU+ec7HPNSTxXYO55gPV/hq4pSBJDjFpA==",
      "license": "MIT",
      "dependencies": {
        "accepts": "^2.0.0",
        "body-parser": "^2.2.0",
        "content-disposition": "^1.0.0",
        "content-type": "^1.0.5",
        "cookie": "^0.7.1",
        "cookie-signature": "^1.2.1",
        "debug": "^4.4.0",
        "encodeurl": "^2.0.0",
        "escape-html": "^1.0.3",
        "etag": "^1.8.1",
        "finalhandler": "^2.1.0",
        "fresh": "^2.0.0",
        "http-errors": "^2.0.0",
        "merge-descriptors": "^2.0.0",
        "mime-types": "^3.0.0",
        "on-finished": "^2.4.1",
        "once": "^1.4.0",
        "parseurl": "^1.3.3",
        "proxy-addr": "^2.0.7",
        "qs": "^6.14.0",
        "range-parser": "^1.2.1",
        "router": "^2.2.0",
        "send": "^1.1.0",
        "serve-static": "^2.2.0",
        "statuses": "^2.0.1",
        "type-is": "^2.0.1",
        "vary": "^1.1.2"
      },
      "engines": {
        "node": ">= 18"
      },
      "funding": {
        "type": "opencollective",
        "url": "https://opencollective.com/express"
      }
    },
    "node_modules/finalhandler": {
      "version": "2.1.0",
      "resolved": "https://registry.npmjs.org/finalhandler/-/finalhandler-2.1.0.tgz",
      "integrity": "sha512-/t88Ty3d5JWQbWYgaOGCCYfXRwV1+be02WqYYlL6h0lEiUAMPM8o8qKGO01YIkOHzka2up08wvgYD0mDiI+q3Q==",
      "license": "MIT",
      "dependencies": {
        "debug": "^4.4.0",
        "encodeurl": "^2.0.0",
        "escape-html": "^1.0.3",
        "on-finished": "^2.4.1",
        "parseurl": "^1.3.3",
        "statuses": "^2.0.1"
      },
      "engines": {
        "node": ">= 0.8"
      }
    },
    "node_modules/for-each": {
      "version": "0.3.5",
      "resolved": "https://registry.npmjs.org/for-each/-/for-each-0.3.5.tgz",
      "integrity": "sha512-dKx12eRCVIzqCxFGplyFKJMPvLEWgmNtUrpTiJIR5u97zEhRG8ySrtboPHZXx7daLxQVrl643cTzbab2tkQjxg==",
      "license": "MIT",
      "dependencies": {
        "is-callable": "^1.2.7"
      },
      "engines": {
        "node": ">= 0.4"
      },
      "funding": {
        "url": "https://github.com/sponsors/ljharb"
      }
    },
    "node_modules/forwarded": {
      "version": "0.2.0",
      "resolved": "https://registry.npmjs.org/forwarded/-/forwarded-0.2.0.tgz",
      "integrity": "sha512-buRG0fpBtRHSTCOASe6hD258tEubFoRLb4ZNA6NxMVHNw2gOcwHo9wyablzMzOA5z9xA9L1KNjk/Nt6MT9aYow==",
      "license": "MIT",
      "engines": {
        "node": ">= 0.6"
      }
    },
    "node_modules/fresh": {
      "version": "2.0.0",
      "resolved": "https://registry.npmjs.org/fresh/-/fresh-2.0.0.tgz",
      "integrity": "sha512-Rx/WycZ60HOaqLKAi6cHRKKI7zxWbJ31MhntmtwMoaTeF7XFH9hhBp8vITaMidfljRQ6eYWCKkaTK+ykVJHP2A==",
      "license": "MIT",
      "engines": {
        "node": ">= 0.8"
      }
    },
    "node_modules/function-bind": {
      "version": "1.1.2",
      "resolved": "https://registry.npmjs.org/function-bind/-/function-bind-1.1.2.tgz",
      "integrity": "sha512-7XHNxH7qX9xG5mIwxkhumTox/MIRNcOgDrxWsMt2pAr23WHp6MrRlN7FBSFpCpr+oVO0F744iUgR82nJMfG2SA==",
      "license": "MIT",
      "funding": {
        "url": "https://github.com/sponsors/ljharb"
      }
    },
    "node_modules/generator-function": {
      "version": "2.0.1",
      "resolved": "https://registry.npmjs.org/generator-function/-/generator-function-2.0.1.tgz",
      "integrity": "sha512-SFdFmIJi+ybC0vjlHN0ZGVGHc3lgE0DxPAT0djjVg+kjOnSqclqmj0KQ7ykTOLP6YxoqOvuAODGdcHJn+43q3g==",
      "license": "MIT",
      "engines": {
        "node": ">= 0.4"
      }
    },
    "node_modules/get-intrinsic": {
      "version": "1.3.0",
      "resolved": "https://registry.npmjs.org/get-intrinsic/-/get-intrinsic-1.3.0.tgz",
      "integrity": "sha512-9fSjSaos/fRIVIp+xSJlE6lfwhES7LNtKaCBIamHsjr2na1BiABJPo0mOjjz8GJDURarmCPGqaiVg5mfjb98CQ==",
      "license": "MIT",
      "dependencies": {
        "call-bind-apply-helpers": "^1.0.2",
        "es-define-property": "^1.0.1",
        "es-errors": "^1.3.0",
        "es-object-atoms": "^1.1.1",
        "function-bind": "^1.1.2",
        "get-proto": "^1.0.1",
        "gopd": "^1.2.0",
        "has-symbols": "^1.1.0",
        "hasown": "^2.0.2",
        "math-intrinsics": "^1.1.0"
      },
      "engines": {
        "node": ">= 0.4"
      },
      "funding": {
        "url": "https://github.com/sponsors/ljharb"
      }
    },
    "node_modules/get-proto": {
      "version": "1.0.1",
      "resolved": "https://registry.npmjs.org/get-proto/-/get-proto-1.0.1.tgz",
      "integrity": "sha512-sTSfBjoXBp89JvIKIefqw7U2CCebsc74kiY6awiGogKtoSGbgjYE/G/+l9sF3MWFPNc9IcoOC4ODfKHfxFmp0g==",
      "license": "MIT",
      "dependencies": {
        "dunder-proto": "^1.0.1",
        "es-object-atoms": "^1.0.0"
      },
      "engines": {
        "node": ">= 0.4"
      }
    },
    "node_modules/gopd": {
      "version": "1.2.0",
      "resolved": "https://registry.npmjs.org/gopd/-/gopd-1.2.0.tgz",
      "integrity": "sha512-ZUKRh6/kUFoAiTAtTYPZJ3hw9wNxx+BIBOijnlG9PnrJsCcSjs1wyyD6vJpaYtgnzDrKYRSqf3OO6Rfa93xsRg==",
      "license": "MIT",
      "engines": {
        "node": ">= 0.4"
      },
      "funding": {
        "url": "https://github.com/sponsors/ljharb"
      }
    },
    "node_modules/has-property-descriptors": {
      "version": "1.0.2",
      "resolved": "https://registry.npmjs.org/has-property-descriptors/-/has-property-descriptors-1.0.2.tgz",
      "integrity": "sha512-55JNKuIW+vq4Ke1BjOTjM2YctQIvCT7GFzHwmfZPGo5wnrgkid0YQtnAleFSqumZm4az3n2BS+erby5ipJdgrg==",
      "license": "MIT",
      "dependencies": {
        "es-define-property": "^1.0.0"
      },
      "funding": {
        "url": "https://github.com/sponsors/ljharb"
      }
    },
    "node_modules/has-symbols": {
      "version": "1.1.0",
      "resolved": "https://registry.npmjs.org/has-symbols/-/has-symbols-1.1.0.tgz",
      "integrity": "sha512-1cDNdwJ2Jaohmb3sg4OmKaMBwuC48sYni5HUw2DvsC8LjGTLK9h+eb1X6RyuOHe4hT0ULCW68iomhjUoKUqlPQ==",
      "license": "MIT",
      "engines": {
        "node": ">= 0.4"
      },
      "funding": {
        "url": "https://github.com/sponsors/ljharb"
      }
    },
    "node_modules/has-tostringtag": {
      "version": "1.0.2",
      "resolved": "https://registry.npmjs.org/has-tostringtag/-/has-tostringtag-1.0.2.tgz",
      "integrity": "sha512-NqADB8VjPFLM2V0VvHUewwwsw0ZWBaIdgo+ieHtK3hasLz4qeCRjYcqfB6AQrBggRKppKF8L52/VqdVsO47Dlw==",
      "license": "MIT",
      "dependencies": {
        "has-symbols": "^1.0.3"
      },
      "engines": {
        "node": ">= 0.4"
      },
      "funding": {
        "url": "https://github.com/sponsors/ljharb"
      }
    },
    "node_modules/hasown": {
      "version": "2.0.2",
      "resolved": "https://registry.npmjs.org/hasown/-/hasown-2.0.2.tgz",
      "integrity": "sha512-0hJU9SCPvmMzIBdZFqNPXWa6dqh7WdH0cII9y+CyS8rG3nL48Bclra9HmKhVVUHyPWNH5Y7xDwAB7bfgSjkUMQ==",
      "license": "MIT",
      "dependencies": {
        "function-bind": "^1.1.2"
      },
      "engines": {
        "node": ">= 0.4"
      }
    },
    "node_modules/http-errors": {
      "version": "2.0.0",
      "resolved": "https://registry.npmjs.org/http-errors/-/http-errors-2.0.0.tgz",
      "integrity": "sha512-FtwrG/euBzaEjYeRqOgly7G0qviiXoJWnvEH2Z1plBdXgbyjv34pHTSb9zoeHMyDy33+DWy5Wt9Wo+TURtOYSQ==",
      "license": "MIT",
      "dependencies": {
        "depd": "2.0.0",
        "inherits": "2.0.4",
        "setprototypeof": "1.2.0",
        "statuses": "2.0.1",
        "toidentifier": "1.0.1"
      },
      "engines": {
        "node": ">= 0.8"
      }
    },
    "node_modules/http-errors/node_modules/statuses": {
      "version": "2.0.1",
      "resolved": "https://registry.npmjs.org/statuses/-/statuses-2.0.1.tgz",
      "integrity": "sha512-RwNA9Z/7PrK06rYLIzFMlaF+l73iwpzsqRIFgbMLbTcLD6cOao82TaWefPXQvB2fOC4AjuYSEndS7N/mTCbkdQ==",
      "license": "MIT",
      "engines": {
        "node": ">= 0.8"
      }
    },
    "node_modules/iconv-lite": {
      "version": "0.6.3",
      "resolved": "https://registry.npmjs.org/iconv-lite/-/iconv-lite-0.6.3.tgz",
      "integrity": "sha512-4fCk79wshMdzMp2rH06qWrJE4iolqLhCUH+OiuIgU++RB0+94NlDL81atO7GX55uUKueo0txHNtvEyI6D7WdMw==",
      "license": "MIT",
      "dependencies": {
        "safer-buffer": ">= 2.1.2 < 3.0.0"
      },
      "engines": {
        "node": ">=0.10.0"
      }
    },
    "node_modules/ieee754": {
      "version": "1.1.13",
      "resolved": "https://registry.npmjs.org/ieee754/-/ieee754-1.1.13.tgz",
      "integrity": "sha512-4vf7I2LYV/HaWerSo3XmlMkp5eZ83i+/CDluXi/IGTs/O1sejBNhTtnxzmRZfvOUqj7lZjqHkeTvpgSFDlWZTg==",
      "license": "BSD-3-Clause"
    },
    "node_modules/inherits": {
      "version": "2.0.4",
      "resolved": "https://registry.npmjs.org/inherits/-/inherits-2.0.4.tgz",
      "integrity": "sha512-k/vGaX4/Yla3WzyMCvTQOXYeIHvqOKtnqBduzTHpzpQZzAskKMhZ2K+EnBiSM9zGSoIFeMpXKxa4dYeZIQqewQ==",
      "license": "ISC"
    },
    "node_modules/ipaddr.js": {
      "version": "1.9.1",
      "resolved": "https://registry.npmjs.org/ipaddr.js/-/ipaddr.js-1.9.1.tgz",
      "integrity": "sha512-0KI/607xoxSToH7GjN1FfSbLoU0+btTicjsQSWQlh/hZykN8KpmMf7uYwPW3R+akZ6R/w18ZlXSHBYXiYUPO3g==",
      "license": "MIT",
      "engines": {
        "node": ">= 0.10"
      }
    },
    "node_modules/is-arguments": {
      "version": "1.2.0",
      "resolved": "https://registry.npmjs.org/is-arguments/-/is-arguments-1.2.0.tgz",
      "integrity": "sha512-7bVbi0huj/wrIAOzb8U1aszg9kdi3KN/CyU19CTI7tAoZYEZoL9yCDXpbXN+uPsuWnP02cyug1gleqq+TU+YCA==",
      "license": "MIT",
      "dependencies": {
        "call-bound": "^1.0.2",
        "has-tostringtag": "^1.0.2"
      },
      "engines": {
        "node": ">= 0.4"
      },
      "funding": {
        "url": "https://github.com/sponsors/ljharb"
      }
    },
    "node_modules/is-callable": {
      "version": "1.2.7",
      "resolved": "https://registry.npmjs.org/is-callable/-/is-callable-1.2.7.tgz",
      "integrity": "sha512-1BC0BVFhS/p0qtw6enp8e+8OD0UrK0oFLztSjNzhcKA3WDuJxxAPXzPuPtKkjEY9UUoEWlX/8fgKeu2S8i9JTA==",
      "license": "MIT",
      "engines": {
        "node": ">= 0.4"
      },
      "funding": {
        "url": "https://github.com/sponsors/ljharb"
      }
    },
    "node_modules/is-generator-function": {
      "version": "1.1.2",
      "resolved": "https://registry.npmjs.org/is-generator-function/-/is-generator-function-1.1.2.tgz",
      "integrity": "sha512-upqt1SkGkODW9tsGNG5mtXTXtECizwtS2kA161M+gJPc1xdb/Ax629af6YrTwcOeQHbewrPNlE5Dx7kzvXTizA==",
      "license": "MIT",
      "dependencies": {
        "call-bound": "^1.0.4",
        "generator-function": "^2.0.0",
        "get-proto": "^1.0.1",
        "has-tostringtag": "^1.0.2",
        "safe-regex-test": "^1.1.0"
      },
      "engines": {
        "node": ">= 0.4"
      },
      "funding": {
        "url": "https://github.com/sponsors/ljharb"
      }
    },
    "node_modules/is-promise": {
      "version": "4.0.0",
      "resolved": "https://registry.npmjs.org/is-promise/-/is-promise-4.0.0.tgz",
      "integrity": "sha512-hvpoI6korhJMnej285dSg6nu1+e6uxs7zG3BYAm5byqDsgJNWwxzM6z6iZiAgQR4TJ30JmBTOwqZUw3WlyH3AQ==",
      "license": "MIT"
    },
    "node_modules/is-regex": {
      "version": "1.2.1",
      "resolved": "https://registry.npmjs.org/is-regex/-/is-regex-1.2.1.tgz",
      "integrity": "sha512-MjYsKHO5O7mCsmRGxWcLWheFqN9DJ/2TmngvjKXihe6efViPqc274+Fx/4fYj/r03+ESvBdTXK0V6tA3rgez1g==",
      "license": "MIT",
      "dependencies": {
        "call-bound": "^1.0.2",
        "gopd": "^1.2.0",
        "has-tostringtag": "^1.0.2",
        "hasown": "^2.0.2"
      },
      "engines": {
        "node": ">= 0.4"
      },
      "funding": {
        "url": "https://github.com/sponsors/ljharb"
      }
    },
    "node_modules/is-typed-array": {
      "version": "1.1.15",
      "resolved": "https://registry.npmjs.org/is-typed-array/-/is-typed-array-1.1.15.tgz",
      "integrity": "sha512-p3EcsicXjit7SaskXHs1hA91QxgTw46Fv6EFKKGS5DRFLD8yKnohjF3hxoju94b/OcMZoQukzpPpBE9uLVKzgQ==",
      "license": "MIT",
      "dependencies": {
        "which-typed-array": "^1.1.16"
      },
      "engines": {
        "node": ">= 0.4"
      },
      "funding": {
        "url": "https://github.com/sponsors/ljharb"
      }
    },
    "node_modules/isarray": {
      "version": "1.0.0",
      "resolved": "https://registry.npmjs.org/isarray/-/isarray-1.0.0.tgz",
      "integrity": "sha512-VLghIWNM6ELQzo7zwmcg0NmTVyWKYjvIeM83yjp0wRDTmUnrM678fQbcKBo6n2CJEF0szoG//ytg+TKla89ALQ==",
      "license": "MIT"
    },
    "node_modules/jmespath": {
      "version": "0.16.0",
      "resolved": "https://registry.npmjs.org/jmespath/-/jmespath-0.16.0.tgz",
      "integrity": "sha512-9FzQjJ7MATs1tSpnco1K6ayiYE3figslrXA72G2HQ/n76RzvYlofyi5QM+iX4YRs/pu3yzxlVQSST23+dMDknw==",
      "license": "Apache-2.0",
      "engines": {
        "node": ">= 0.6.0"
      }
    },
    "node_modules/jsonwebtoken": {
      "version": "9.0.2",
      "resolved": "https://registry.npmjs.org/jsonwebtoken/-/jsonwebtoken-9.0.2.tgz",
      "integrity": "sha512-PRp66vJ865SSqOlgqS8hujT5U4AOgMfhrwYIuIhfKaoSCZcirrmASQr8CX7cUg+RMih+hgznrjp99o+W4pJLHQ==",
      "license": "MIT",
      "dependencies": {
        "jws": "^3.2.2",
        "lodash.includes": "^4.3.0",
        "lodash.isboolean": "^3.0.3",
        "lodash.isinteger": "^4.0.4",
        "lodash.isnumber": "^3.0.3",
        "lodash.isplainobject": "^4.0.6",
        "lodash.isstring": "^4.0.1",
        "lodash.once": "^4.0.0",
        "ms": "^2.1.1",
        "semver": "^7.5.4"
      },
      "engines": {
        "node": ">=12",
        "npm": ">=6"
      }
    },
    "node_modules/jwa": {
      "version": "1.4.2",
      "resolved": "https://registry.npmjs.org/jwa/-/jwa-1.4.2.tgz",
      "integrity": "sha512-eeH5JO+21J78qMvTIDdBXidBd6nG2kZjg5Ohz/1fpa28Z4CcsWUzJ1ZZyFq/3z3N17aZy+ZuBoHljASbL1WfOw==",
      "license": "MIT",
      "dependencies": {
        "buffer-equal-constant-time": "^1.0.1",
        "ecdsa-sig-formatter": "1.0.11",
        "safe-buffer": "^5.0.1"
      }
    },
    "node_modules/jws": {
      "version": "3.2.2",
      "resolved": "https://registry.npmjs.org/jws/-/jws-3.2.2.tgz",
      "integrity": "sha512-YHlZCB6lMTllWDtSPHz/ZXTsi8S00usEV6v1tjq8tOUZzw7DpSDWVXjXDre6ed1w/pd495ODpHZYSdkRTsa0HA==",
      "license": "MIT",
      "dependencies": {
        "jwa": "^1.4.1",
        "safe-buffer": "^5.0.1"
      }
    },
    "node_modules/kareem": {
      "version": "2.6.3",
      "resolved": "https://registry.npmjs.org/kareem/-/kareem-2.6.3.tgz",
      "integrity": "sha512-C3iHfuGUXK2u8/ipq9LfjFfXFxAZMQJJq7vLS45r3D9Y2xQ/m4S8zaR4zMLFWh9AsNPXmcFfUDhTEO8UIC/V6Q==",
      "license": "Apache-2.0",
      "engines": {
        "node": ">=12.0.0"
      }
    },
    "node_modules/lodash.includes": {
      "version": "4.3.0",
      "resolved": "https://registry.npmjs.org/lodash.includes/-/lodash.includes-4.3.0.tgz",
      "integrity": "sha512-W3Bx6mdkRTGtlJISOvVD/lbqjTlPPUDTMnlXZFnVwi9NKJ6tiAk6LVdlhZMm17VZisqhKcgzpO5Wz91PCt5b0w==",
      "license": "MIT"
    },
    "node_modules/lodash.isboolean": {
      "version": "3.0.3",
      "resolved": "https://registry.npmjs.org/lodash.isboolean/-/lodash.isboolean-3.0.3.tgz",
      "integrity": "sha512-Bz5mupy2SVbPHURB98VAcw+aHh4vRV5IPNhILUCsOzRmsTmSQ17jIuqopAentWoehktxGd9e/hbIXq980/1QJg==",
      "license": "MIT"
    },
    "node_modules/lodash.isinteger": {
      "version": "4.0.4",
      "resolved": "https://registry.npmjs.org/lodash.isinteger/-/lodash.isinteger-4.0.4.tgz",
      "integrity": "sha512-DBwtEWN2caHQ9/imiNeEA5ys1JoRtRfY3d7V9wkqtbycnAmTvRRmbHKDV4a0EYc678/dia0jrte4tjYwVBaZUA==",
      "license": "MIT"
    },
    "node_modules/lodash.isnumber": {
      "version": "3.0.3",
      "resolved": "https://registry.npmjs.org/lodash.isnumber/-/lodash.isnumber-3.0.3.tgz",
      "integrity": "sha512-QYqzpfwO3/CWf3XP+Z+tkQsfaLL/EnUlXWVkIk5FUPc4sBdTehEqZONuyRt2P67PXAk+NXmTBcc97zw9t1FQrw==",
      "license": "MIT"
    },
    "node_modules/lodash.isplainobject": {
      "version": "4.0.6",
      "resolved": "https://registry.npmjs.org/lodash.isplainobject/-/lodash.isplainobject-4.0.6.tgz",
      "integrity": "sha512-oSXzaWypCMHkPC3NvBEaPHf0KsA5mvPrOPgQWDsbg8n7orZ290M0BmC/jgRZ4vcJ6DTAhjrsSYgdsW/F+MFOBA==",
      "license": "MIT"
    },
    "node_modules/lodash.isstring": {
      "version": "4.0.1",
      "resolved": "https://registry.npmjs.org/lodash.isstring/-/lodash.isstring-4.0.1.tgz",
      "integrity": "sha512-0wJxfxH1wgO3GrbuP+dTTk7op+6L41QCXbGINEmD+ny/G/eCqGzxyCsh7159S+mgDDcoarnBw6PC1PS5+wUGgw==",
      "license": "MIT"
    },
    "node_modules/lodash.once": {
      "version": "4.1.1",
      "resolved": "https://registry.npmjs.org/lodash.once/-/lodash.once-4.1.1.tgz",
      "integrity": "sha512-Sb487aTOCr9drQVL8pIxOzVhafOjZN9UU54hiN8PU3uAiSV7lx1yYNpbNmex2PK6dSJoNTSJUUswT651yww3Mg==",
      "license": "MIT"
    },
    "node_modules/math-intrinsics": {
      "version": "1.1.0",
      "resolved": "https://registry.npmjs.org/math-intrinsics/-/math-intrinsics-1.1.0.tgz",
      "integrity": "sha512-/IXtbwEk5HTPyEwyKX6hGkYXxM9nbj64B+ilVJnC/R6B0pH5G4V3b0pVbL7DBj4tkhBAppbQUlf6F6Xl9LHu1g==",
      "license": "MIT",
      "engines": {
        "node": ">= 0.4"
      }
    },
    "node_modules/media-typer": {
      "version": "1.1.0",
      "resolved": "https://registry.npmjs.org/media-typer/-/media-typer-1.1.0.tgz",
      "integrity": "sha512-aisnrDP4GNe06UcKFnV5bfMNPBUw4jsLGaWwWfnH3v02GnBuXX2MCVn5RbrWo0j3pczUilYblq7fQ7Nw2t5XKw==",
      "license": "MIT",
      "engines": {
        "node": ">= 0.8"
      }
    },
    "node_modules/memory-pager": {
      "version": "1.5.0",
      "resolved": "https://registry.npmjs.org/memory-pager/-/memory-pager-1.5.0.tgz",
      "integrity": "sha512-ZS4Bp4r/Zoeq6+NLJpP+0Zzm0pR8whtGPf1XExKLJBAczGMnSi3It14OiNCStjQjM6NU1okjQGSxgEZN8eBYKg==",
      "license": "MIT"
    },
    "node_modules/merge-descriptors": {
      "version": "2.0.0",
      "resolved": "https://registry.npmjs.org/merge-descriptors/-/merge-descriptors-2.0.0.tgz",
      "integrity": "sha512-Snk314V5ayFLhp3fkUREub6WtjBfPdCPY1Ln8/8munuLuiYhsABgBVWsozAG+MWMbVEvcdcpbi9R7ww22l9Q3g==",
      "license": "MIT",
      "engines": {
        "node": ">=18"
      },
      "funding": {
        "url": "https://github.com/sponsors/sindresorhus"
      }
    },
    "node_modules/mime-db": {
      "version": "1.54.0",
      "resolved": "https://registry.npmjs.org/mime-db/-/mime-db-1.54.0.tgz",
      "integrity": "sha512-aU5EJuIN2WDemCcAp2vFBfp/m4EAhWJnUNSSw0ixs7/kXbd6Pg64EmwJkNdFhB8aWt1sH2CTXrLxo/iAGV3oPQ==",
      "license": "MIT",
      "engines": {
        "node": ">= 0.6"
      }
    },
    "node_modules/mime-types": {
      "version": "3.0.1",
      "resolved": "https://registry.npmjs.org/mime-types/-/mime-types-3.0.1.tgz",
      "integrity": "sha512-xRc4oEhT6eaBpU1XF7AjpOFD+xQmXNB5OVKwp4tqCuBpHLS/ZbBDrc07mYTDqVMg6PfxUjjNp85O6Cd2Z/5HWA==",
      "license": "MIT",
      "dependencies": {
        "mime-db": "^1.54.0"
      },
      "engines": {
        "node": ">= 0.6"
      }
    },
    "node_modules/minimist": {
      "version": "1.2.8",
      "resolved": "https://registry.npmjs.org/minimist/-/minimist-1.2.8.tgz",
      "integrity": "sha512-2yyAR8qBkN3YuheJanUpWC5U3bb5osDywNB8RzDVlDwDHbocAJveqqj1u8+SVD7jkWT4yvsHCpWqqWqAxb0zCA==",
      "license": "MIT",
      "funding": {
        "url": "https://github.com/sponsors/ljharb"
      }
    },
    "node_modules/mkdirp": {
      "version": "0.5.6",
      "resolved": "https://registry.npmjs.org/mkdirp/-/mkdirp-0.5.6.tgz",
      "integrity": "sha512-FP+p8RB8OWpF3YZBCrP5gtADmtXApB5AMLn+vdyA+PyxCjrCs00mjyUozssO33cwDeT3wNGdLxJ5M//YqtHAJw==",
      "license": "MIT",
      "dependencies": {
        "minimist": "^1.2.6"
      },
      "bin": {
        "mkdirp": "bin/cmd.js"
      }
    },
    "node_modules/mongodb": {
      "version": "6.20.0",
      "resolved": "https://registry.npmjs.org/mongodb/-/mongodb-6.20.0.tgz",
      "integrity": "sha512-Tl6MEIU3K4Rq3TSHd+sZQqRBoGlFsOgNrH5ltAcFBV62Re3Fd+FcaVf8uSEQFOJ51SDowDVttBTONMfoYWrWlQ==",
      "license": "Apache-2.0",
      "dependencies": {
        "@mongodb-js/saslprep": "^1.3.0",
        "bson": "^6.10.4",
        "mongodb-connection-string-url": "^3.0.2"
      },
      "engines": {
        "node": ">=16.20.1"
      },
      "peerDependencies": {
        "@aws-sdk/credential-providers": "^3.188.0",
        "@mongodb-js/zstd": "^1.1.0 || ^2.0.0",
        "gcp-metadata": "^5.2.0",
        "kerberos": "^2.0.1",
        "mongodb-client-encryption": ">=6.0.0 <7",
        "snappy": "^7.3.2",
        "socks": "^2.7.1"
      },
      "peerDependenciesMeta": {
        "@aws-sdk/credential-providers": {
          "optional": true
        },
        "@mongodb-js/zstd": {
          "optional": true
        },
        "gcp-metadata": {
          "optional": true
        },
        "kerberos": {
          "optional": true
        },
        "mongodb-client-encryption": {
          "optional": true
        },
        "snappy": {
          "optional": true
        },
        "socks": {
          "optional": true
        }
      }
    },
    "node_modules/mongodb-connection-string-url": {
      "version": "3.0.2",
      "resolved": "https://registry.npmjs.org/mongodb-connection-string-url/-/mongodb-connection-string-url-3.0.2.tgz",
      "integrity": "sha512-rMO7CGo/9BFwyZABcKAWL8UJwH/Kc2x0g72uhDWzG48URRax5TCIcJ7Rc3RZqffZzO/Gwff/jyKwCU9TN8gehA==",
      "license": "Apache-2.0",
      "dependencies": {
        "@types/whatwg-url": "^11.0.2",
        "whatwg-url": "^14.1.0 || ^13.0.0"
      }
    },
    "node_modules/mongoose": {
      "version": "8.19.2",
      "resolved": "https://registry.npmjs.org/mongoose/-/mongoose-8.19.2.tgz",
      "integrity": "sha512-ww2T4dBV+suCbOfG5YPwj9pLCfUVyj8FEA1D3Ux1HHqutpLxGyOYEPU06iPRBW4cKr3PJfOSYsIpHWPTkz5zig==",
      "license": "MIT",
      "dependencies": {
        "bson": "^6.10.4",
        "kareem": "2.6.3",
        "mongodb": "~6.20.0",
        "mpath": "0.9.0",
        "mquery": "5.0.0",
        "ms": "2.1.3",
        "sift": "17.1.3"
      },
      "engines": {
        "node": ">=16.20.1"
      },
      "funding": {
        "type": "opencollective",
        "url": "https://opencollective.com/mongoose"
      }
    },
    "node_modules/mpath": {
      "version": "0.9.0",
      "resolved": "https://registry.npmjs.org/mpath/-/mpath-0.9.0.tgz",
      "integrity": "sha512-ikJRQTk8hw5DEoFVxHG1Gn9T/xcjtdnOKIU1JTmGjZZlg9LST2mBLmcX3/ICIbgJydT2GOc15RnNy5mHmzfSew==",
      "license": "MIT",
      "engines": {
        "node": ">=4.0.0"
      }
    },
    "node_modules/mquery": {
      "version": "5.0.0",
      "resolved": "https://registry.npmjs.org/mquery/-/mquery-5.0.0.tgz",
      "integrity": "sha512-iQMncpmEK8R8ncT8HJGsGc9Dsp8xcgYMVSbs5jgnm1lFHTZqMJTUWTDx1LBO8+mK3tPNZWFLBghQEIOULSTHZg==",
      "license": "MIT",
      "dependencies": {
        "debug": "4.x"
      },
      "engines": {
        "node": ">=14.0.0"
      }
    },
    "node_modules/ms": {
      "version": "2.1.3",
      "resolved": "https://registry.npmjs.org/ms/-/ms-2.1.3.tgz",
      "integrity": "sha512-6FlzubTLZG3J2a/NVCAleEhjzq5oxgHyaCU9yYXvcLsvoVaHJq/s5xXI6/XXP6tz7R9xAOtHnSO/tXtF3WRTlA==",
      "license": "MIT"
    },
    "node_modules/multer": {
      "version": "2.0.2",
      "resolved": "https://registry.npmjs.org/multer/-/multer-2.0.2.tgz",
      "integrity": "sha512-u7f2xaZ/UG8oLXHvtF/oWTRvT44p9ecwBBqTwgJVq0+4BW1g8OW01TyMEGWBHbyMOYVHXslaut7qEQ1meATXgw==",
      "license": "MIT",
      "dependencies": {
        "append-field": "^1.0.0",
        "busboy": "^1.6.0",
        "concat-stream": "^2.0.0",
        "mkdirp": "^0.5.6",
        "object-assign": "^4.1.1",
        "type-is": "^1.6.18",
        "xtend": "^4.0.2"
      },
      "engines": {
        "node": ">= 10.16.0"
      }
    },
    "node_modules/multer/node_modules/media-typer": {
      "version": "0.3.0",
      "resolved": "https://registry.npmjs.org/media-typer/-/media-typer-0.3.0.tgz",
      "integrity": "sha512-dq+qelQ9akHpcOl/gUVRTxVIOkAJ1wR3QAvb4RsVjS8oVoFjDGTc679wJYmUmknUF5HwMLOgb5O+a3KxfWapPQ==",
      "license": "MIT",
      "engines": {
        "node": ">= 0.6"
      }
    },
    "node_modules/multer/node_modules/mime-db": {
      "version": "1.52.0",
      "resolved": "https://registry.npmjs.org/mime-db/-/mime-db-1.52.0.tgz",
      "integrity": "sha512-sPU4uV7dYlvtWJxwwxHD0PuihVNiE7TyAbQ5SWxDCB9mUYvOgroQOwYQQOKPJ8CIbE+1ETVlOoK1UC2nU3gYvg==",
      "license": "MIT",
      "engines": {
        "node": ">= 0.6"
      }
    },
    "node_modules/multer/node_modules/mime-types": {
      "version": "2.1.35",
      "resolved": "https://registry.npmjs.org/mime-types/-/mime-types-2.1.35.tgz",
      "integrity": "sha512-ZDY+bPm5zTTF+YpCrAU9nK0UgICYPT0QtT1NZWFv4s++TNkcgVaT0g6+4R2uI4MjQjzysHB1zxuWL50hzaeXiw==",
      "license": "MIT",
      "dependencies": {
        "mime-db": "1.52.0"
      },
      "engines": {
        "node": ">= 0.6"
      }
    },
    "node_modules/multer/node_modules/type-is": {
      "version": "1.6.18",
      "resolved": "https://registry.npmjs.org/type-is/-/type-is-1.6.18.tgz",
      "integrity": "sha512-TkRKr9sUTxEH8MdfuCSP7VizJyzRNMjj2J2do2Jr3Kym598JVdEksuzPQCnlFPW4ky9Q+iA+ma9BGm06XQBy8g==",
      "license": "MIT",
      "dependencies": {
        "media-typer": "0.3.0",
        "mime-types": "~2.1.24"
      },
      "engines": {
        "node": ">= 0.6"
      }
    },
    "node_modules/negotiator": {
      "version": "1.0.0",
      "resolved": "https://registry.npmjs.org/negotiator/-/negotiator-1.0.0.tgz",
      "integrity": "sha512-8Ofs/AUQh8MaEcrlq5xOX0CQ9ypTF5dl78mjlMNfOK08fzpgTHQRQPBxcPlEtIw0yRpws+Zo/3r+5WRby7u3Gg==",
      "license": "MIT",
      "engines": {
        "node": ">= 0.6"
      }
    },
    "node_modules/object-assign": {
      "version": "4.1.1",
      "resolved": "https://registry.npmjs.org/object-assign/-/object-assign-4.1.1.tgz",
      "integrity": "sha512-rJgTQnkUnH1sFw8yT6VSU3zD3sWmu6sZhIseY8VX+GRu3P6F7Fu+JNDoXfklElbLJSnc3FUQHVe4cU5hj+BcUg==",
      "license": "MIT",
      "engines": {
        "node": ">=0.10.0"
      }
    },
    "node_modules/object-inspect": {
      "version": "1.13.4",
      "resolved": "https://registry.npmjs.org/object-inspect/-/object-inspect-1.13.4.tgz",
      "integrity": "sha512-W67iLl4J2EXEGTbfeHCffrjDfitvLANg0UlX3wFUUSTx92KXRFegMHUVgSqE+wvhAbi4WqjGg9czysTV2Epbew==",
      "license": "MIT",
      "engines": {
        "node": ">= 0.4"
      },
      "funding": {
        "url": "https://github.com/sponsors/ljharb"
      }
    },
    "node_modules/on-finished": {
      "version": "2.4.1",
      "resolved": "https://registry.npmjs.org/on-finished/-/on-finished-2.4.1.tgz",
      "integrity": "sha512-oVlzkg3ENAhCk2zdv7IJwd/QUD4z2RxRwpkcGY8psCVcCYZNq4wYnVWALHM+brtuJjePWiYF/ClmuDr8Ch5+kg==",
      "license": "MIT",
      "dependencies": {
        "ee-first": "1.1.1"
      },
      "engines": {
        "node": ">= 0.8"
      }
    },
    "node_modules/once": {
      "version": "1.4.0",
      "resolved": "https://registry.npmjs.org/once/-/once-1.4.0.tgz",
      "integrity": "sha512-lNaJgI+2Q5URQBkccEKHTQOPaXdUxnZZElQTZY0MFUAuaEqe1E+Nyvgdz/aIyNi6Z9MzO5dv1H8n58/GELp3+w==",
      "license": "ISC",
      "dependencies": {
        "wrappy": "1"
      }
    },
    "node_modules/parseurl": {
      "version": "1.3.3",
      "resolved": "https://registry.npmjs.org/parseurl/-/parseurl-1.3.3.tgz",
      "integrity": "sha512-CiyeOxFT/JZyN5m0z9PfXw4SCBJ6Sygz1Dpl0wqjlhDEGGBP1GnsUVEL0p63hoG1fcj3fHynXi9NYO4nWOL+qQ==",
      "license": "MIT",
      "engines": {
        "node": ">= 0.8"
      }
    },
    "node_modules/path-to-regexp": {
      "version": "8.3.0",
      "resolved": "https://registry.npmjs.org/path-to-regexp/-/path-to-regexp-8.3.0.tgz",
      "integrity": "sha512-7jdwVIRtsP8MYpdXSwOS0YdD0Du+qOoF/AEPIt88PcCFrZCzx41oxku1jD88hZBwbNUIEfpqvuhjFaMAqMTWnA==",
      "license": "MIT",
      "funding": {
        "type": "opencollective",
        "url": "https://opencollective.com/express"
      }
    },
    "node_modules/possible-typed-array-names": {
      "version": "1.1.0",
      "resolved": "https://registry.npmjs.org/possible-typed-array-names/-/possible-typed-array-names-1.1.0.tgz",
      "integrity": "sha512-/+5VFTchJDoVj3bhoqi6UeymcD00DAwb1nJwamzPvHEszJ4FpF6SNNbUbOS8yI56qHzdV8eK0qEfOSiodkTdxg==",
      "license": "MIT",
      "engines": {
        "node": ">= 0.4"
      }
    },
    "node_modules/proxy-addr": {
      "version": "2.0.7",
      "resolved": "https://registry.npmjs.org/proxy-addr/-/proxy-addr-2.0.7.tgz",
      "integrity": "sha512-llQsMLSUDUPT44jdrU/O37qlnifitDP+ZwrmmZcoSKyLKvtZxpyV0n2/bD/N4tBAAZ/gJEdZU7KMraoK1+XYAg==",
      "license": "MIT",
      "dependencies": {
        "forwarded": "0.2.0",
        "ipaddr.js": "1.9.1"
      },
      "engines": {
        "node": ">= 0.10"
      }
    },
    "node_modules/punycode": {
      "version": "2.3.1",
      "resolved": "https://registry.npmjs.org/punycode/-/punycode-2.3.1.tgz",
      "integrity": "sha512-vYt7UD1U9Wg6138shLtLOvdAu+8DsC/ilFtEVHcH+wydcSpNE20AfSOduf6MkRFahL5FY7X1oU7nKVZFtfq8Fg==",
      "license": "MIT",
      "engines": {
        "node": ">=6"
      }
    },
    "node_modules/qs": {
      "version": "6.14.0",
      "resolved": "https://registry.npmjs.org/qs/-/qs-6.14.0.tgz",
      "integrity": "sha512-YWWTjgABSKcvs/nWBi9PycY/JiPJqOD4JA6o9Sej2AtvSGarXxKC3OQSk4pAarbdQlKAh5D4FCQkJNkW+GAn3w==",
      "license": "BSD-3-Clause",
      "dependencies": {
        "side-channel": "^1.1.0"
      },
      "engines": {
        "node": ">=0.6"
      },
      "funding": {
        "url": "https://github.com/sponsors/ljharb"
      }
    },
    "node_modules/querystring": {
      "version": "0.2.0",
      "resolved": "https://registry.npmjs.org/querystring/-/querystring-0.2.0.tgz",
      "integrity": "sha512-X/xY82scca2tau62i9mDyU9K+I+djTMUsvwf7xnUX5GLvVzgJybOJf4Y6o9Zx3oJK/LSXg5tTZBjwzqVPaPO2g==",
      "deprecated": "The querystring API is considered Legacy. new code should use the URLSearchParams API instead.",
      "engines": {
        "node": ">=0.4.x"
      }
    },
    "node_modules/range-parser": {
      "version": "1.2.1",
      "resolved": "https://registry.npmjs.org/range-parser/-/range-parser-1.2.1.tgz",
      "integrity": "sha512-Hrgsx+orqoygnmhFbKaHE6c296J+HTAQXoxEF6gNupROmmGJRoyzfG3ccAveqCBrwr/2yxQ5BVd/GTl5agOwSg==",
      "license": "MIT",
      "engines": {
        "node": ">= 0.6"
      }
    },
    "node_modules/raw-body": {
      "version": "3.0.1",
      "resolved": "https://registry.npmjs.org/raw-body/-/raw-body-3.0.1.tgz",
      "integrity": "sha512-9G8cA+tuMS75+6G/TzW8OtLzmBDMo8p1JRxN5AZ+LAp8uxGA8V8GZm4GQ4/N5QNQEnLmg6SS7wyuSmbKepiKqA==",
      "license": "MIT",
      "dependencies": {
        "bytes": "3.1.2",
        "http-errors": "2.0.0",
        "iconv-lite": "0.7.0",
        "unpipe": "1.0.0"
      },
      "engines": {
        "node": ">= 0.10"
      }
    },
    "node_modules/raw-body/node_modules/iconv-lite": {
      "version": "0.7.0",
      "resolved": "https://registry.npmjs.org/iconv-lite/-/iconv-lite-0.7.0.tgz",
      "integrity": "sha512-cf6L2Ds3h57VVmkZe+Pn+5APsT7FpqJtEhhieDCvrE2MK5Qk9MyffgQyuxQTm6BChfeZNtcOLHp9IcWRVcIcBQ==",
      "license": "MIT",
      "dependencies": {
        "safer-buffer": ">= 2.1.2 < 3.0.0"
      },
      "engines": {
        "node": ">=0.10.0"
      },
      "funding": {
        "type": "opencollective",
        "url": "https://opencollective.com/express"
      }
    },
    "node_modules/readable-stream": {
      "version": "3.6.2",
      "resolved": "https://registry.npmjs.org/readable-stream/-/readable-stream-3.6.2.tgz",
      "integrity": "sha512-9u/sniCrY3D5WdsERHzHE4G2YCXqoG5FTHUiCC4SIbr6XcLZBY05ya9EKjYek9O5xOAwjGq+1JdGBAS7Q9ScoA==",
      "license": "MIT",
      "dependencies": {
        "inherits": "^2.0.3",
        "string_decoder": "^1.1.1",
        "util-deprecate": "^1.0.1"
      },
      "engines": {
        "node": ">= 6"
      }
    },
    "node_modules/router": {
      "version": "2.2.0",
      "resolved": "https://registry.npmjs.org/router/-/router-2.2.0.tgz",
      "integrity": "sha512-nLTrUKm2UyiL7rlhapu/Zl45FwNgkZGaCpZbIHajDYgwlJCOzLSk+cIPAnsEqV955GjILJnKbdQC1nVPz+gAYQ==",
      "license": "MIT",
      "dependencies": {
        "debug": "^4.4.0",
        "depd": "^2.0.0",
        "is-promise": "^4.0.0",
        "parseurl": "^1.3.3",
        "path-to-regexp": "^8.0.0"
      },
      "engines": {
        "node": ">= 18"
      }
    },
    "node_modules/safe-buffer": {
      "version": "5.2.1",
      "resolved": "https://registry.npmjs.org/safe-buffer/-/safe-buffer-5.2.1.tgz",
      "integrity": "sha512-rp3So07KcdmmKbGvgaNxQSJr7bGVSVk5S9Eq1F+ppbRo70+YeaDxkw5Dd8NPN+GD6bjnYm2VuPuCXmpuYvmCXQ==",
      "funding": [
        {
          "type": "github",
          "url": "https://github.com/sponsors/feross"
        },
        {
          "type": "patreon",
          "url": "https://www.patreon.com/feross"
        },
        {
          "type": "consulting",
          "url": "https://feross.org/support"
        }
      ],
      "license": "MIT"
    },
    "node_modules/safe-regex-test": {
      "version": "1.1.0",
      "resolved": "https://registry.npmjs.org/safe-regex-test/-/safe-regex-test-1.1.0.tgz",
      "integrity": "sha512-x/+Cz4YrimQxQccJf5mKEbIa1NzeCRNI5Ecl/ekmlYaampdNLPalVyIcCZNNH3MvmqBugV5TMYZXv0ljslUlaw==",
      "license": "MIT",
      "dependencies": {
        "call-bound": "^1.0.2",
        "es-errors": "^1.3.0",
        "is-regex": "^1.2.1"
      },
      "engines": {
        "node": ">= 0.4"
      },
      "funding": {
        "url": "https://github.com/sponsors/ljharb"
      }
    },
    "node_modules/safer-buffer": {
      "version": "2.1.2",
      "resolved": "https://registry.npmjs.org/safer-buffer/-/safer-buffer-2.1.2.tgz",
      "integrity": "sha512-YZo3K82SD7Riyi0E1EQPojLz7kpepnSQI9IyPbHHg1XXXevb5dJI7tpyN2ADxGcQbHG7vcyRHk0cbwqcQriUtg==",
      "license": "MIT"
    },
    "node_modules/sax": {
      "version": "1.2.1",
      "resolved": "https://registry.npmjs.org/sax/-/sax-1.2.1.tgz",
      "integrity": "sha512-8I2a3LovHTOpm7NV5yOyO8IHqgVsfK4+UuySrXU8YXkSRX7k6hCV9b3HrkKCr3nMpgj+0bmocaJJWpvp1oc7ZA==",
      "license": "ISC"
    },
    "node_modules/semver": {
      "version": "7.7.3",
      "resolved": "https://registry.npmjs.org/semver/-/semver-7.7.3.tgz",
      "integrity": "sha512-SdsKMrI9TdgjdweUSR9MweHA4EJ8YxHn8DFaDisvhVlUOe4BF1tLD7GAj0lIqWVl+dPb/rExr0Btby5loQm20Q==",
      "license": "ISC",
      "bin": {
        "semver": "bin/semver.js"
      },
      "engines": {
        "node": ">=10"
      }
    },
    "node_modules/send": {
      "version": "1.2.0",
      "resolved": "https://registry.npmjs.org/send/-/send-1.2.0.tgz",
      "integrity": "sha512-uaW0WwXKpL9blXE2o0bRhoL2EGXIrZxQ2ZQ4mgcfoBxdFmQold+qWsD2jLrfZ0trjKL6vOw0j//eAwcALFjKSw==",
      "license": "MIT",
      "dependencies": {
        "debug": "^4.3.5",
        "encodeurl": "^2.0.0",
        "escape-html": "^1.0.3",
        "etag": "^1.8.1",
        "fresh": "^2.0.0",
        "http-errors": "^2.0.0",
        "mime-types": "^3.0.1",
        "ms": "^2.1.3",
        "on-finished": "^2.4.1",
        "range-parser": "^1.2.1",
        "statuses": "^2.0.1"
      },
      "engines": {
        "node": ">= 18"
      }
    },
    "node_modules/serve-static": {
      "version": "2.2.0",
      "resolved": "https://registry.npmjs.org/serve-static/-/serve-static-2.2.0.tgz",
      "integrity": "sha512-61g9pCh0Vnh7IutZjtLGGpTA355+OPn2TyDv/6ivP2h/AdAVX9azsoxmg2/M6nZeQZNYBEwIcsne1mJd9oQItQ==",
      "license": "MIT",
      "dependencies": {
        "encodeurl": "^2.0.0",
        "escape-html": "^1.0.3",
        "parseurl": "^1.3.3",
        "send": "^1.2.0"
      },
      "engines": {
        "node": ">= 18"
      }
    },
    "node_modules/set-function-length": {
      "version": "1.2.2",
      "resolved": "https://registry.npmjs.org/set-function-length/-/set-function-length-1.2.2.tgz",
      "integrity": "sha512-pgRc4hJ4/sNjWCSS9AmnS40x3bNMDTknHgL5UaMBTMyJnU90EgWh1Rz+MC9eFu4BuN/UwZjKQuY/1v3rM7HMfg==",
      "license": "MIT",
      "dependencies": {
        "define-data-property": "^1.1.4",
        "es-errors": "^1.3.0",
        "function-bind": "^1.1.2",
        "get-intrinsic": "^1.2.4",
        "gopd": "^1.0.1",
        "has-property-descriptors": "^1.0.2"
      },
      "engines": {
        "node": ">= 0.4"
      }
    },
    "node_modules/setprototypeof": {
      "version": "1.2.0",
      "resolved": "https://registry.npmjs.org/setprototypeof/-/setprototypeof-1.2.0.tgz",
      "integrity": "sha512-E5LDX7Wrp85Kil5bhZv46j8jOeboKq5JMmYM3gVGdGH8xFpPWXUMsNrlODCrkoxMEeNi/XZIwuRvY4XNwYMJpw==",
      "license": "ISC"
    },
    "node_modules/side-channel": {
      "version": "1.1.0",
      "resolved": "https://registry.npmjs.org/side-channel/-/side-channel-1.1.0.tgz",
      "integrity": "sha512-ZX99e6tRweoUXqR+VBrslhda51Nh5MTQwou5tnUDgbtyM0dBgmhEDtWGP/xbKn6hqfPRHujUNwz5fy/wbbhnpw==",
      "license": "MIT",
      "dependencies": {
        "es-errors": "^1.3.0",
        "object-inspect": "^1.13.3",
        "side-channel-list": "^1.0.0",
        "side-channel-map": "^1.0.1",
        "side-channel-weakmap": "^1.0.2"
      },
      "engines": {
        "node": ">= 0.4"
      },
      "funding": {
        "url": "https://github.com/sponsors/ljharb"
      }
    },
    "node_modules/side-channel-list": {
      "version": "1.0.0",
      "resolved": "https://registry.npmjs.org/side-channel-list/-/side-channel-list-1.0.0.tgz",
      "integrity": "sha512-FCLHtRD/gnpCiCHEiJLOwdmFP+wzCmDEkc9y7NsYxeF4u7Btsn1ZuwgwJGxImImHicJArLP4R0yX4c2KCrMrTA==",
      "license": "MIT",
      "dependencies": {
        "es-errors": "^1.3.0",
        "object-inspect": "^1.13.3"
      },
      "engines": {
        "node": ">= 0.4"
      },
      "funding": {
        "url": "https://github.com/sponsors/ljharb"
      }
    },
    "node_modules/side-channel-map": {
      "version": "1.0.1",
      "resolved": "https://registry.npmjs.org/side-channel-map/-/side-channel-map-1.0.1.tgz",
      "integrity": "sha512-VCjCNfgMsby3tTdo02nbjtM/ewra6jPHmpThenkTYh8pG9ucZ/1P8So4u4FGBek/BjpOVsDCMoLA/iuBKIFXRA==",
      "license": "MIT",
      "dependencies": {
        "call-bound": "^1.0.2",
        "es-errors": "^1.3.0",
        "get-intrinsic": "^1.2.5",
        "object-inspect": "^1.13.3"
      },
      "engines": {
        "node": ">= 0.4"
      },
      "funding": {
        "url": "https://github.com/sponsors/ljharb"
      }
    },
    "node_modules/side-channel-weakmap": {
      "version": "1.0.2",
      "resolved": "https://registry.npmjs.org/side-channel-weakmap/-/side-channel-weakmap-1.0.2.tgz",
      "integrity": "sha512-WPS/HvHQTYnHisLo9McqBHOJk2FkHO/tlpvldyrnem4aeQp4hai3gythswg6p01oSoTl58rcpiFAjF2br2Ak2A==",
      "license": "MIT",
      "dependencies": {
        "call-bound": "^1.0.2",
        "es-errors": "^1.3.0",
        "get-intrinsic": "^1.2.5",
        "object-inspect": "^1.13.3",
        "side-channel-map": "^1.0.1"
      },
      "engines": {
        "node": ">= 0.4"
      },
      "funding": {
        "url": "https://github.com/sponsors/ljharb"
      }
    },
    "node_modules/sift": {
      "version": "17.1.3",
      "resolved": "https://registry.npmjs.org/sift/-/sift-17.1.3.tgz",
      "integrity": "sha512-Rtlj66/b0ICeFzYTuNvX/EF1igRbbnGSvEyT79McoZa/DeGhMyC5pWKOEsZKnpkqtSeovd5FL/bjHWC3CIIvCQ==",
      "license": "MIT"
    },
    "node_modules/sparse-bitfield": {
      "version": "3.0.3",
      "resolved": "https://registry.npmjs.org/sparse-bitfield/-/sparse-bitfield-3.0.3.tgz",
      "integrity": "sha512-kvzhi7vqKTfkh0PZU+2D2PIllw2ymqJKujUcyPMd9Y75Nv4nPbGJZXNhxsgdQab2BmlDct1YnfQCguEvHr7VsQ==",
      "license": "MIT",
      "dependencies": {
        "memory-pager": "^1.0.2"
      }
    },
    "node_modules/statuses": {
      "version": "2.0.2",
      "resolved": "https://registry.npmjs.org/statuses/-/statuses-2.0.2.tgz",
      "integrity": "sha512-DvEy55V3DB7uknRo+4iOGT5fP1slR8wQohVdknigZPMpMstaKJQWhwiYBACJE3Ul2pTnATihhBYnRhZQHGBiRw==",
      "license": "MIT",
      "engines": {
        "node": ">= 0.8"
      }
    },
    "node_modules/streamsearch": {
      "version": "1.1.0",
      "resolved": "https://registry.npmjs.org/streamsearch/-/streamsearch-1.1.0.tgz",
      "integrity": "sha512-Mcc5wHehp9aXz1ax6bZUyY5afg9u2rv5cqQI3mRrYkGC8rW2hM02jWuwjtL++LS5qinSyhj2QfLyNsuc+VsExg==",
      "engines": {
        "node": ">=10.0.0"
      }
    },
    "node_modules/string_decoder": {
      "version": "1.3.0",
      "resolved": "https://registry.npmjs.org/string_decoder/-/string_decoder-1.3.0.tgz",
      "integrity": "sha512-hkRX8U1WjJFd8LsDJ2yQ/wWWxaopEsABU1XfkM8A+j0+85JAGppt16cr1Whg6KIbb4okU6Mql6BOj+uup/wKeA==",
      "license": "MIT",
      "dependencies": {
        "safe-buffer": "~5.2.0"
      }
    },
    "node_modules/toidentifier": {
      "version": "1.0.1",
      "resolved": "https://registry.npmjs.org/toidentifier/-/toidentifier-1.0.1.tgz",
      "integrity": "sha512-o5sSPKEkg/DIQNmH43V0/uerLrpzVedkUh8tGNvaeXpfpuwjKenlSox/2O/BTlZUtEe+JG7s5YhEz608PlAHRA==",
      "license": "MIT",
      "engines": {
        "node": ">=0.6"
      }
    },
    "node_modules/tr46": {
      "version": "5.1.1",
      "resolved": "https://registry.npmjs.org/tr46/-/tr46-5.1.1.tgz",
      "integrity": "sha512-hdF5ZgjTqgAntKkklYw0R03MG2x/bSzTtkxmIRw/sTNV8YXsCJ1tfLAX23lhxhHJlEf3CRCOCGGWw3vI3GaSPw==",
      "license": "MIT",
      "dependencies": {
        "punycode": "^2.3.1"
      },
      "engines": {
        "node": ">=18"
      }
    },
    "node_modules/type-is": {
      "version": "2.0.1",
      "resolved": "https://registry.npmjs.org/type-is/-/type-is-2.0.1.tgz",
      "integrity": "sha512-OZs6gsjF4vMp32qrCbiVSkrFmXtG/AZhY3t0iAMrMBiAZyV9oALtXO8hsrHbMXF9x6L3grlFuwW2oAz7cav+Gw==",
      "license": "MIT",
      "dependencies": {
        "content-type": "^1.0.5",
        "media-typer": "^1.1.0",
        "mime-types": "^3.0.0"
      },
      "engines": {
        "node": ">= 0.6"
      }
    },
    "node_modules/typedarray": {
      "version": "0.0.6",
      "resolved": "https://registry.npmjs.org/typedarray/-/typedarray-0.0.6.tgz",
      "integrity": "sha512-/aCDEGatGvZ2BIk+HmLf4ifCJFwvKFNb9/JeZPMulfgFracn9QFcAf5GO8B/mweUjSoblS5In0cWhqpfs/5PQA==",
      "license": "MIT"
    },
    "node_modules/unpipe": {
      "version": "1.0.0",
      "resolved": "https://registry.npmjs.org/unpipe/-/unpipe-1.0.0.tgz",
      "integrity": "sha512-pjy2bYhSsufwWlKwPc+l3cN7+wuJlK6uz0YdJEOlQDbl6jo/YlPi4mb8agUkVC8BF7V8NuzeyPNqRksA3hztKQ==",
      "license": "MIT",
      "engines": {
        "node": ">= 0.8"
      }
    },
    "node_modules/url": {
      "version": "0.10.3",
      "resolved": "https://registry.npmjs.org/url/-/url-0.10.3.tgz",
      "integrity": "sha512-hzSUW2q06EqL1gKM/a+obYHLIO6ct2hwPuviqTTOcfFVc61UbfJ2Q32+uGL/HCPxKqrdGB5QUwIe7UqlDgwsOQ==",
      "license": "MIT",
      "dependencies": {
        "punycode": "1.3.2",
        "querystring": "0.2.0"
      }
    },
    "node_modules/url/node_modules/punycode": {
      "version": "1.3.2",
      "resolved": "https://registry.npmjs.org/punycode/-/punycode-1.3.2.tgz",
      "integrity": "sha512-RofWgt/7fL5wP1Y7fxE7/EmTLzQVnB0ycyibJ0OOHIlJqTNzglYFxVwETOcIoJqJmpDXJ9xImDv+Fq34F/d4Dw==",
      "license": "MIT"
    },
    "node_modules/util": {
      "version": "0.12.5",
      "resolved": "https://registry.npmjs.org/util/-/util-0.12.5.tgz",
      "integrity": "sha512-kZf/K6hEIrWHI6XqOFUiiMa+79wE/D8Q+NCNAWclkyg3b4d2k7s0QGepNjiABc+aR3N1PAyHL7p6UcLY6LmrnA==",
      "license": "MIT",
      "dependencies": {
        "inherits": "^2.0.3",
        "is-arguments": "^1.0.4",
        "is-generator-function": "^1.0.7",
        "is-typed-array": "^1.1.3",
        "which-typed-array": "^1.1.2"
      }
    },
    "node_modules/util-deprecate": {
      "version": "1.0.2",
      "resolved": "https://registry.npmjs.org/util-deprecate/-/util-deprecate-1.0.2.tgz",
      "integrity": "sha512-EPD5q1uXyFxJpCrLnCc1nHnq3gOa6DZBocAIiI2TaSCA7VCJ1UJDMagCzIkXNsUYfD1daK//LTEQ8xiIbrHtcw==",
      "license": "MIT"
    },
    "node_modules/uuid": {
      "version": "8.0.0",
      "resolved": "https://registry.npmjs.org/uuid/-/uuid-8.0.0.tgz",
      "integrity": "sha512-jOXGuXZAWdsTH7eZLtyXMqUb9EcWMGZNbL9YcGBJl4MH4nrxHmZJhEHvyLFrkxo+28uLb/NYRcStH48fnD0Vzw==",
      "license": "MIT",
      "bin": {
        "uuid": "dist/bin/uuid"
      }
    },
    "node_modules/vary": {
      "version": "1.1.2",
      "resolved": "https://registry.npmjs.org/vary/-/vary-1.1.2.tgz",
      "integrity": "sha512-BNGbWLfd0eUPabhkXUVm0j8uuvREyTh5ovRa/dyow/BqAbZJyC+5fU+IzQOzmAKzYqYRAISoRhdQr3eIZ/PXqg==",
      "license": "MIT",
      "engines": {
        "node": ">= 0.8"
      }
    },
    "node_modules/webidl-conversions": {
      "version": "7.0.0",
      "resolved": "https://registry.npmjs.org/webidl-conversions/-/webidl-conversions-7.0.0.tgz",
      "integrity": "sha512-VwddBukDzu71offAQR975unBIGqfKZpM+8ZX6ySk8nYhVoo5CYaZyzt3YBvYtRtO+aoGlqxPg/B87NGVZ/fu6g==",
      "license": "BSD-2-Clause",
      "engines": {
        "node": ">=12"
      }
    },
    "node_modules/whatwg-url": {
      "version": "14.2.0",
      "resolved": "https://registry.npmjs.org/whatwg-url/-/whatwg-url-14.2.0.tgz",
      "integrity": "sha512-De72GdQZzNTUBBChsXueQUnPKDkg/5A5zp7pFDuQAj5UFoENpiACU0wlCvzpAGnTkj++ihpKwKyYewn/XNUbKw==",
      "license": "MIT",
      "dependencies": {
        "tr46": "^5.1.0",
        "webidl-conversions": "^7.0.0"
      },
      "engines": {
        "node": ">=18"
      }
    },
    "node_modules/which-typed-array": {
      "version": "1.1.19",
      "resolved": "https://registry.npmjs.org/which-typed-array/-/which-typed-array-1.1.19.tgz",
      "integrity": "sha512-rEvr90Bck4WZt9HHFC4DJMsjvu7x+r6bImz0/BrbWb7A2djJ8hnZMrWnHo9F8ssv0OMErasDhftrfROTyqSDrw==",
      "license": "MIT",
      "dependencies": {
        "available-typed-arrays": "^1.0.7",
        "call-bind": "^1.0.8",
        "call-bound": "^1.0.4",
        "for-each": "^0.3.5",
        "get-proto": "^1.0.1",
        "gopd": "^1.2.0",
        "has-tostringtag": "^1.0.2"
      },
      "engines": {
        "node": ">= 0.4"
      },
      "funding": {
        "url": "https://github.com/sponsors/ljharb"
      }
    },
    "node_modules/wrappy": {
      "version": "1.0.2",
      "resolved": "https://registry.npmjs.org/wrappy/-/wrappy-1.0.2.tgz",
      "integrity": "sha512-l4Sp/DRseor9wL6EvV2+TuQn63dMkPjZ/sp9XkghTEbV9KlPS1xUsZ3u7/IQO4wxtcFB4bgpQPRcR3QCvezPcQ==",
      "license": "ISC"
    },
    "node_modules/xml2js": {
      "version": "0.6.2",
      "resolved": "https://registry.npmjs.org/xml2js/-/xml2js-0.6.2.tgz",
      "integrity": "sha512-T4rieHaC1EXcES0Kxxj4JWgaUQHDk+qwHcYOCFHfiwKz7tOVPLq7Hjq9dM1WCMhylqMEfP7hMcOIChvotiZegA==",
      "license": "MIT",
      "dependencies": {
        "sax": ">=0.6.0",
        "xmlbuilder": "~11.0.0"
      },
      "engines": {
        "node": ">=4.0.0"
      }
    },
    "node_modules/xmlbuilder": {
      "version": "11.0.1",
      "resolved": "https://registry.npmjs.org/xmlbuilder/-/xmlbuilder-11.0.1.tgz",
      "integrity": "sha512-fDlsI/kFEx7gLvbecc0/ohLG50fugQp8ryHzMTuW9vSa1GJ0XYWKnhsUx7oie3G98+r56aTQIUB4kht42R3JvA==",
      "license": "MIT",
      "engines": {
        "node": ">=4.0"
      }
    },
    "node_modules/xtend": {
      "version": "4.0.2",
      "resolved": "https://registry.npmjs.org/xtend/-/xtend-4.0.2.tgz",
      "integrity": "sha512-LKYU1iAXJXUgAXn9URjiu+MWhyUXHsvfp7mcuYm9dSUKK0/CjtrUwFAxD82/mCWbtLsGjFIad0wIsod4zrTAEQ==",
      "license": "MIT",
      "engines": {
        "node": ">=0.4"
      }
    }
  }
}
